<?xml version="1.0" encoding="UTF-8" ?>
<!DOCTYPE mapper PUBLIC "-//mybatis.org//DTD Mapper 3.0//EN" "http://mybatis.org/dtd/mybatis-3-mapper.dtd">


<mapper namespace="com.beidao.mall.product.mapper.CategoryMapper">

    <resultMap id="categoryMap" type="com.beidao.mall.model.entity.product.Category" autoMapping="true">
    </resultMap>

    <!-- 用于select查询公用抽取的列 -->
    <sql id="columns">
        id,name,image_url,parent_id,status,order_num,create_time,update_time,is_deleted
    </sql>

<!--    //1、查询所有分类  返回list集合-->
    <select id="findAll" resultMap="categoryMap">
        select <include refid="columns" />
        from category
        where is_deleted = 0
        order by order_num
    </select>


    <!--  //1、所有一级分类-->
    <select id="selectOneCategory" resultMap="categoryMap">
        select <include refid="columns" />
        from category
        where
        parent_id = 0
        and is_deleted = 0
        order by order_num
    </select>

</mapper>