<?xml version="1.0" encoding="UTF-8" ?>
<!DOCTYPE mapper PUBLIC "-//mybatis.org//DTD Mapper 3.0//EN" "http://mybatis.org/dtd/mybatis-3-mapper.dtd">
<mapper namespace="com.beidao.mall.manager.mapper.BrandMapper">

    <resultMap id="brandMap" type="com.beidao.mall.model.entity.product.Brand" autoMapping="true">
    </resultMap>

    <!-- 用于select查询公用抽取的列 -->
    <sql id="columns">
        id,name,logo,create_time,update_time,is_deleted
    </sql>


    <!--//查询所有品牌-->
    <select id="findAll" resultMap="brandMap">
        select <include refid="columns" />
        from brand
        where is_deleted = 0
        order by id desc
    </select>



    <!--   //品牌列表  -->
    <select id="findByPage" resultMap="brandMap">
        select <include refid="columns"/>
        from brand
        where is_deleted=0
        order by id desc
    </select>


    <!-- 修改-->
    <update id="updateById" >
        update brand set
        <if test="name != null and name != ''">
            name = #{name},
        </if>
        <if test="logo != null and logo != ''">
            logo = #{logo},
        </if>
        update_time =  now()
        where
        id = #{id}
    </update>


    <!-- //添加-->
    <insert id="save">
        insert into brand (
            id,
            name,
            logo,
            create_time ,
            update_time ,
            is_deleted
        ) values (
                     #{id},
                     #{name},
                     #{logo},
                     now(),
                     now(),
                     0
                 )
    </insert>


    <!--删除-->
    <update id="deleteById">
        update brand
        set update_time = now() ,is_deleted = 1
        where id = #{id}
    </update>


</mapper>