<?xml version="1.0" encoding="UTF-8" ?>
<!DOCTYPE mapper PUBLIC "-//mybatis.org//DTD Mapper 3.0//EN" "http://mybatis.org/dtd/mybatis-3-mapper.dtd">
<mapper namespace="com.beidao.mall.manager.mapper.SysRoleMapper">

    <!--  映射查询到的字段 -->
    <resultMap id="sysRoleMap" type="com.beidao.mall.model.entity.system.SysRole" autoMapping="true"></resultMap>

    <!-- 用于select查询公用抽取的列 -->
    <sql id="columns">
        id,role_name,role_code,description,create_time,update_time,is_deleted
    </sql>


    <!--   //查询所有角色  -->
    <select id="findAll" resultMap="sysRoleMap">
        select <include refid="columns"/>
        from sys_role where is_deleted =0

    </select>



    <!--  //4.角色删除的方法-逻辑删除   逻辑删除的本质是修改操作 -->
    <update id="delete">
        update sys_role set is_deleted = 1 where id = #{roleId}
    </update>

    <!-- //3.角色修改的方法-->
    <update id="update">
        update sys_role set
        <if test="roleName != null and roleName != ''">
            role_name = #{roleName},
        </if>
        <if test="roleCode != null and roleCode != ''">
            role_code = #{roleCode},
        </if>
        <if test="description != null and description != ''">
            description = #{description},
        </if>
        update_time =  now()
        where
        id = #{id}
    </update>


    <!-- 2.角色添加方法-->
    <insert id="save">
        insert into sys_role (
            id,
            role_name,
            role_code,
            description
        ) values (
                     #{id},
                     #{roleName},
                     #{roleCode},
                     #{description}
                 )
    </insert>


    <!-- 1.角色列表方法，分页查询-->
    <select id="findByPage" resultMap="sysRoleMap">
        select <include refid="columns"/>
        from sys_role
        <where>
            <if test="roleName != null and roleName != ''">
                and role_name like concat('%',#{roleName},'%')
            </if>
        and is_deleted = 0
        </where>
        order by id desc
    </select>


</mapper>