<?xml version="1.0" encoding="UTF-8" ?>
<!DOCTYPE mapper PUBLIC "-//mybatis.org//DTD Mapper 3.0//EN" "http://mybatis.org/dtd/mybatis-3-mapper.dtd">
<mapper namespace="com.beidao.mall.manager.mapper.OrderStatisticsMapper">


    <!-- 用于select查询公用抽取的列 -->
    <sql id="columns">
        id,order_date,total_amount,total_num,create_time,update_time,is_deleted
    </sql>

    <resultMap id="orderStatisticsMap" type="com.beidao.mall.model.entity.order.OrderStatistics" autoMapping="true"/>


    <!--  //根据dto条件查询统计结果数据  返回list集合  -->
    <select id="selectList" resultMap="orderStatisticsMap">
        select <include refid="columns" />
        from order_statistics
        <where>
            <if test="createTimeBegin != null and createTimeBegin != ''">
                and order_date >= #{createTimeBegin}
            </if>
            <if test="createTimeEnd != null and createTimeEnd != ''">
                and order_date &lt;= #{createTimeEnd}
            </if>
        </where>
        order by order_date
    </select>


    <!-- //3.把统计之后的数据，添加进统计结果表-->
    <insert id="insert" useGeneratedKeys="true" keyProperty="id">
        insert into order_statistics (
            id,
            order_date,
            total_amount,
            total_num
        ) values (
                     #{id},
                     #{orderDate},
                     #{totalAmount},
                     #{totalNum}
                 )
    </insert>

</mapper>