<?xml version="1.0" encoding="UTF-8" ?>
<!DOCTYPE mapper PUBLIC "-//mybatis.org//DTD Mapper 3.0//EN" "http://mybatis.org/dtd/mybatis-3-mapper.dtd">
<mapper namespace="com.beidao.mall.manager.mapper.SysUserMapper">

    <!-- 用于select查询公用抽取的列 -->
    <sql id="columns">
        id,username userName ,password,name,phone,avatar,description,status,create_time,update_time,is_deleted
    </sql>


    <!--  //4、用户删除  -->
    <update id="delete">
        update sys_user set is_deleted = 1 where id = #{userId}
    </update>


    <!--  //3、用户修改  -->
    <update id="update">
        update sys_user set
        <if test="userName != null and userName != ''">
            username = #{userName},
        </if>
        <if test="password != null and password != ''">
            password = #{password},
        </if>
        <if test="name != null and name != ''">
            name = #{name},
        </if>
        <if test="phone != null and phone != ''">
            phone = #{phone},
        </if>
        <if test="description != null and description != ''">
            description = #{description},
        </if>
        <if test="status != null and status != ''">
            status = #{status},
        </if>
        update_time =  now()
        where
        id = #{id}
    </update>


    <!--  //2、用户添加  -->
    <insert id="save">
        insert into sys_user (
            id,
            username,
            password,
            name,
            phone,
            avatar,
            description,
            status
        ) values (
                     #{id},
                     #{userName},
                     #{password},
                     #{name},
                     #{phone},
                     #{avatar},
                     #{description},
                     #{status}
                 )
    </insert>



    <!--  //1、用户条件分页查询接口  -->
    <select id="findByPage" resultType="com.beidao.mall.model.entity.system.SysUser">
        select <include refid="columns"/>
        from sys_user
        <where>
            <if test="keyword != null and keyword != ''">
                and username like concat('%',#{keyword},'%')
            </if>
            <if test="createTimeBegin != null and createTimeBegin != ''">
                and create_time >= #{createTimeBegin}
            </if>
            <if test="createTimeEnd != null and createTimeEnd != ''">
                and create_time &lt;= #{createTimeEnd}
            </if>
            and is_deleted = 0
        </where>
        order by id desc
    </select>




    <select id="selectUserInfoByUserName" resultType="com.beidao.mall.model.entity.system.SysUser">
        select <include refid="columns" />
            from sys_user
            where username = #{userName} and is_deleted = 0
    </select>




</mapper>