<?xml version="1.0" encoding="UTF-8" ?>
<!DOCTYPE mapper PUBLIC "-//mybatis.org//DTD Mapper 3.0//EN" "http://mybatis.org/dtd/mybatis-3-mapper.dtd">
<mapper namespace="com.beidao.mall.order.mapper.OrderItemMapper">


    <resultMap id="orderItemMap" type="com.beidao.mall.model.entity.order.OrderItem" autoMapping="true">
    </resultMap>

    <!-- 用于select查询公用抽取的列 -->
    <sql id="columns">
        id,order_id,sku_id,sku_name,thumb_img,sku_price,sku_num,create_time,update_time,is_deleted
    </sql>


<!--
    //订单里面所有订单项-->
    <select id="findByOrderId" resultMap="orderItemMap">
        select <include refid="columns" />
        from order_item
        where
        order_id = #{orderId}
        and is_deleted = 0
        order by id desc
    </select>


<!-- //5、添加数据到orderItem表-->
    <insert id="save" useGeneratedKeys="true" keyProperty="id">
        insert into order_item (
            id,
            order_id,
            sku_id,
            sku_name,
            thumb_img,
            sku_price,
            sku_num
        ) values (
                     #{id},
                     #{orderId},
                     #{skuId},
                     #{skuName},
                     #{thumbImg},
                     #{skuPrice},
                     #{skuNum}
                 )
    </insert>


</mapper>