<?xml version="1.0" encoding="UTF-8" ?>
<!DOCTYPE mapper PUBLIC "-//mybatis.org//DTD Mapper 3.0//EN" "http://mybatis.org/dtd/mybatis-3-mapper.dtd">
<mapper namespace="com.beidao.mall.manager.mapper.ProductDetailsMapper">

    <!-- 用于select查询公用抽取的列 -->
    <sql id="columns">
        id,product_id,image_urls,create_time,update_time,is_deleted
    </sql>

    <!--删除-->
    <update id="deleteByProductId">
        update product_details
        set
           update_time = now() ,
           is_deleted = 1
        where
            product_id = #{productId}
    </update>


    <!-- //修改product_details-->
    <update id="updateById" >
        update product_details set
        <if test="productId != null and productId != ''">
            product_id = #{productId},
        </if>
        <if test="imageUrls != null and imageUrls != ''">
            image_urls = #{imageUrls},
        </if>
        update_time =  now()
        where
        id = #{id}
    </update>


    <!-- //3、根据id删除商品详情数据-->
    <select id="findProductDetailsById" resultType="com.beidao.mall.model.entity.product.ProductDetails">
        select <include refid="columns" />
        from product_details
        where
        product_id = #{id}  and is_deleted = 0

    </select>
    

    <!--  // 保存商品详情数据-->
    <insert id="save" useGeneratedKeys="true" keyProperty="id">
        insert into product_details (
            id,
            product_id,
            image_urls,
            create_time,update_time,is_deleted
        ) values (
                     #{id},
                     #{productId},
                     #{imageUrls},
                     now(),
                     now(),
                     0
                 )
    </insert>

</mapper>